{
  "avg_steps": 9273.326530612245,
  "avg_resting_hr": 54.36734693877551,
  "avg_sleep_hours": 7.41159420289855,
  "avg_workout_duration_minutes": 80.71014492753623,
  "avg_calories_burned": 2927.4489795918366
}